topik_id,topik,top_k,retrieval_sec,generation_sec,context_words,word_count,rouge_1,rouge_2,rouge_l,rouge_1_p,rouge_1_r,generated_summary
mabuk_perjalanan,Obat Alami Mabuk Perjalanan,3,10.0863,83.11,365,172,0.3431,0.1176,0.1679,0.2701,0.47,"**Ringkasan Multi-Dokumen:**  
Obat alami untuk mengatasi mabuk perjalanan terdiri dari bahan herbal seperti minyak atsiri (pepermint, lavender, kapulaga, dan adas) yang dapat direbus atau digunakan dalam bentuk aromaterapi. Bahan ini terkenal karena efek mengurangi mual, kembung, dan sendawa, serta memiliki aroma terapis yang dapat merangsang indra dan mengalihkan perhatian. Contoh obat alami ini dapat dikonsumsi secara oral atau dalam bentuk minyak aromaterapi. Namun, perlu diingat bahwa beberapa teh herbal, termasuk yang tidak berbasis daun (seperti teh bunga atau jahe), bisa berinteraksi dengan obat-obatan medis, mengganggu efektivitas atau menyebabkan efek samping. Oleh karena itu, penggunaan obat alami harus dilakukan dengan persetujuan dokter, terutama jika sedang mengkonsumsi obat tradisional.  

**Poin Penting:**  
1. Bahan herbal seperti peppermint, lavender, kapulaga, dan adas dapat digunakan sebagai obat alami untuk mabuk perjalanan.  
2. Obat alami ini bisa direbus, diminum, atau digunakan dalam aromaterapi untuk mengurangi gejala mabuk.  
3. Perlu waspada terhadap interaksi antara teh herbal dengan obat medis, terutama jenis yang tidak berbasis daun.  
4. Penggunaan obat alami harus disertai konsultasi dengan profesional kesehatan untuk mencegah efek samping."
mabuk_perjalanan,Obat Alami Mabuk Perjalanan,5,2.4409,60.19,541,122,0.4196,0.1532,0.1964,0.379,0.47,"**Ringkasan Multi-Dokumen:**  
Obat alami untuk mengatasi mabuk perjalanan melibatkan bahan herbal seperti minyak atsiri (pepermint, lavender, kapulaga, adas) dan teh herbal (jahe, chamomile). Bahan herbal ini bekerja dengan mekanisme yang berbeda: minyak atsiri merangsang indra dan mengalihkan perhatian, sementara jahe mengandung gingerol yang efektif mengatasi mual, muntah, dan kelelahan. Konsumsi secara oral atau aromaterapi dianjurkan, seperti merebus akar manis atau mengunyah jahe. Namun, perlu diingat bahwa beberapa teh herbal bisa bereaksi negatif dengan obat-obatan medis, terutama jika mengandung senyawa aktif dari bagian tanaman seperti akar, batang, atau bunga. Mabuk perjalanan (kinetosis) disebabkan oleh gerakan yang membingungkan sistem saraf, dan obat alami ini dapat membantu mengurangi gejala dengan cara meminimalkan kelelahan dan mual. Kebiasaan penggunaan harus disertai pertimbangan terhadap interaksi dengan obat medis."
mabuk_perjalanan,Obat Alami Mabuk Perjalanan,10,2.2852,105.21,935,199,0.3245,0.1,0.1457,0.2426,0.49,"**Ringkasan Multi-Dokumen tentang Obat Alami untuk Mengatasi Mabuk Perjalanan**  

Obat alami untuk mabuk perjalanan, seperti minyak atsiri dan teh herbal, sering dianggap efektif karena memiliki sifat yang mampu mengurangi mual, muntah, dan pusing. Bahan herbal seperti peppermint, lavender, kapulaga, dan adas dikenal sebagai bahan yang efektif. Peppermint, misalnya, memiliki sifat karminatif yang membantu mengurangi gas dan kembung, sementara minyak atsiri seperti lavender dapat meredakan gejala mabuk perjalanan melalui efek aromaterapi. Teh herbal seperti jahe dan chamomile juga dikenal efektif karena mengandung senyawa aktif seperti gingerol (jahe) yang mampu mengatasi mual dan muntah.  

Namun, penggunaan obat alami harus dengan hati-hati, karena beberapa jenis teh herbal dapat berinteraksi dengan obat medis, terutama jika dikonsumsi bersamaan dengan obat lain. Dokter menegaskan bahwa senyawa aktif dalam teh herbal, seperti senyawa dari akar, batang, bunga, atau daun tanaman, bisa memengaruhi penyerapan, metabolisme, atau efektivitas obat. Dalam beberapa kasus, interaksi ini bisa menyebabkan efek samping serius, seperti risiko perdarahan atau gangguan fungsi obat.  

Kesimpulannya, obat alami untuk mabuk perjalanan dapat menjadi pilihan yang baik, asalkan penggunaannya disertai dengan konsultasi terapis, terutama jika ada penggunaan obat medis lain. Bahan herbal seperti jahe, chamomile, dan peppermint dikenal efektif, tetapi perlu dihindari jika ada konflik dengan obat-obatan medis."
vitamin_d,Kekurangan Vitamin D,3,2.6995,54.36,360,123,0.3333,0.0636,0.1982,0.2984,0.3776,"**Ringkasan Multi-Dokumen:**  
Kekurangan vitamin D dapat menunjukkan tanda tersembunyi seperti kelelahan ekstrem, infeksi yang lebih sering, dan masalah kulit. Studi 2020 menunjukkan bahwa kelelahan akibat tidur yang buruk, durasi tidur pendek, atau waktu tidur terlambat menjadi salah satu tanda tersembunyi. Vitamin D berperan dalam mengatasi infeksi dan mengendalikan peradangan, sehingga kekurangannya bisa memperparah kondisi infeksi. Selain itu, vitamin D penting untuk pembentukan kulit baru dan penyembuhan luka, serta membantu penyerapan kalsium untuk kesehatan tulang. Jika kadar vitamin D rendah, tulang menjadi lebih lemah, dan gejala seperti retak tulang bisa muncul. Untuk mencegahnya, kebutuhan harian vitamin D harus terpenuhi melalui paparan sinar matahari, makanan, atau suplemen. Dengan memahami gejala dan faktor penyebab, individu dapat lebih cepat mengatasi kekurangan vitamin D sebelum kondisi menjadi serius."
vitamin_d,Kekurangan Vitamin D,5,2.257,62.9,535,129,0.3793,0.1391,0.2586,0.3284,0.449,"**Ringkasan Multi-Dokumen:**  
Kekurangan vitamin D dapat menunjukkan gejala tersembunyi seperti kelelahan ekstrem, tidur tidak nyenyak, infeksi yang mudah terinfeksi, dan rasa nyeri tulang atau sendi. Studi 2020 menunjukkan bahwa kelelahan berhubungan dengan kualitas tidur buruk dan durasi tidur pendek, sementara vitamin D berperan dalam mengatasi infeksi dan memperkuat sistem imun. Gejala lain meliputi kelemahan tulang, retak tulang, dan nyeri tulang/sendi, yang terkait dengan penyerapan kalsium yang kurang. Untuk mencegah dampaknya, kebutuhan vitamin D harus terpenuhi melalui paparan sinar matahari, makanan, atau suplemen. Kemenkes menyarankan waktu terbaik untuk berjemur adalah pagi (terbit hingga 09.00) dan sore (15.00 hingga matahari terbenam) selama 10-15 menit. Studi 2018 menegaskan bahwa kadar vitamin D rendah berkorelasi dengan radang sendi, nyeri otot, dan nyeri kronis, menunjukkan pentingnya memantau keseimbangan vitamin D untuk kesehatan jangka panjang."
vitamin_d,Kekurangan Vitamin D,10,2.2986,106.61,883,217,0.3777,0.162,0.2229,0.2711,0.6224,"**Ringkasan Multi-Dokumen tentang Tanda dan Gejala Kekurangan Vitamin D serta Dampaknya pada Kesehatan**  

Kekurangan vitamin D dapat menunjukkan tanda tersembunyi seperti kelelahan ekstrem, tidur yang buruk, infeksi yang mudah terinfeksi, dan nyeri tulang atau sendi. Penelitian 2020 menunjukkan bahwa 39 anak mengalami kelelahan ekstrem akibat kualitas tidur buruk dan durasi tidur yang lebih pendek, sementara penelitian 2018 menemukan bahwa 98 orang dewasa mengalami nyeri punggung dan nyeri otot akibat kadar vitamin D rendah. Vitamin D berperan dalam memperkuat tulang, memperkaya penyerapan kalsium, dan mengendalikan peradangan, sehingga kekurangannya dapat menyebabkan tulang melemah (osteoporosis) atau tulang lunak (osteomalasia). Gejala seperti nyeri tulang, kelelahan, dan infeksi saluran pernapasan (seperti flu, bronkitis) juga sering dihubungkan dengan kekurangan vitamin D.  

Dokumen tambahan menyebutkan bahwa vitamin D terkait proses penyembuhan luka, mengurangi risiko infeksi, dan memperkuat sistem imun. Kemenkes merekomendasikan berjemur di pagi hari (06.00–09.00) dan sore hari (15.00–18.00) selama 10–15 menit untuk memperoleh sinar UV alami. Namun, jika gejala terus berlanjut, segera periksa fasilitas kesehatan. Studi 2018 menunjukkan bahwa kadar vitamin D rendah terkait dengan kelelahan ekstrem dan nyeri punggung, sementara penelitian 2020 menemukan bahwa 39 anak mengalami kelelahan akibat kekurangan vitamin D. Dalam konteks ini, penting untuk memenuhi kecukupan harian vitamin D melalui makanan, suplemen, atau paparan sinar matahari. Kekurangan vitamin D bisa berdampak serius, seperti patah tulang, jika tidak diperbaiki."
diabetes_melitus,Diabetes Melitus,3,2.2271,56.27,310,142,0.2133,0.0448,0.1067,0.1678,0.2927,"**Ringkasan Multi-Dokumen:**  
Penyakit diabetes disebut ""Mother of All Diseases"" karena dampaknya yang serius terhadap kesehatan, termasuk peningkatan risiko retinopati diabetik dan hipertensi. Dokumen pertama menunjukkan bahwa pengendalian kadar gula darah dan tekanan darah sangat penting untuk memperlambat progres gangguan penglihatan, sementara hipertensi sering berjalan beriringan dengan diabetes dan memperburuk kondisi pembuluh darah.  

Pada dokumen kedua, disebutkan bahwa olahraga aman bagi penderita diabetes dapat menurunkan gula darah, tetapi perlu diwaspadai risiko hipoglikemia, kondisi di mana kadar gula darah turun terlalu rendah yang bisa menyebabkan kehilangan kesadaran. Dokter mungkin memberikan saran penyesuaian berdasarkan kondisi fisik individu.  

Cara penanganannya melibatkan pengelolaan metabolik, seperti diet sehat dan aktivitas fisik yang disesuaikan. Kondisi kesehatan penderita diabetes harus dipantau secara individual, dengan fokus pada kontrol gula darah dan mitigasi risiko hipoglikemia. Penelitian terkini menekankan bahwa kombinasi pengaturan metabolik dan kegiatan fisik menjadi langkah penting dalam mencegah komplikasi diabetes."
diabetes_melitus,Diabetes Melitus,5,2.9159,86.8,461,224,0.1877,0.0391,0.11,0.1278,0.3537,"**Ringkasan Multi-Dokumen:**  

**Tanda-Tanda Awal Penyakit Diabetes Mellitus:**  
Penelitian dari jurnal Scientific Report tahun 2025 menunjukkan bahwa penyakit diabetes sering dikaitkan dengan risiko peningkatan kadar gula darah dan tekanan darah, yang dapat memperburuk kondisi pembuluh darah dan mengarah pada komplikasi seperti retinopati diabetik. Selain itu, hipertensi sering muncul bersama diabetes dan memperburuk kondisi kardiovaskular.  

**Cara Penanganan Diabetes:**  
Olahraga merupakan salah satu metode efektif untuk menurunkan gula darah, terutama dalam bentuk aktivitas fisik yang disesuaikan dengan kondisi kesehatan penderita diabetes. Namun, pihak kesehatan menekankan pentingnya memantau kadar gula darah sebelum berolahraga untuk mencegah hipoglikemia, kondisi di mana gula darah turun terlalu rendah dan bisa menyebabkan kehilangan kesadaran. Dokter mungkin memberikan saran olahraga yang menyesuaikan kondisi individu, terutama bagi penderita diabetes tipe 2 yang mengonsumsi obat penurun gula darah.  

**Pencegahan Komplikasi:**  
Kontrol metabolik yang baik sangat penting untuk mencegah progres penyakit diabetes, seperti retinopati diabetik dan hipertensi. Penderita diabetes harus memantau kebutuhan gula darah secara real-time dan memperhatikan risiko hipoglikemia, terutama saat beraktivitas fisik. Selain itu, makanan yang sehat, seperti sayuran, dapat membantu mencegah komplikasi jantung dan kanker.  

**Kesimpulan:**  
Penyakit diabetes memiliki tanda awal seperti retinopati diabetik dan hipertensi, yang dapat diatasi melalui pengendalian gula darah, olahraga yang disesuaikan, dan penerapan obat sesuai rekomendasi dokter. Kesehatan jantung dan kanker menjadi fokus penting dalam manajemen diabetes, dengan makanan sehat dan monitoring kesehatan menjadi bagian integral dari strategi penanganan."
diabetes_melitus,Diabetes Melitus,10,2.2288,104.86,865,281,0.1803,0.0495,0.0929,0.1162,0.4024,"**Ringkasan Multi-Dokumen tentang Tanda-Tanda Awal Penyakit Diabetes dan Cara Penanganannya**

**Tanda-Tanda Awal Penyakit Diabetes**  
Penyakit diabetes sering dikenal sebagai ""Mother of All Diseases"" karena dampaknya yang serius terhadap kesehatan jantung, ginjal, dan saraf. Dokumen 1 menyebutkan bahwa peningkatan kadar gula darah dan tekanan darah yang tidak terkontrol berkaitan erat dengan risiko retinopati diabetik. Dokumen 10 menegaskan bahwa diabetes mempercepat proses aterosklerosis, yang berujung pada penyakit jantung koroner, dengan risiko dua hingga empat kali lebih tinggi dibandingkan orang tidak memiliki diabetes. 

**Cara Penanganan dan Pencegahan**  
Untuk mengelola diabetes, aktivitas fisik seperti olahraga aman dianjurkan. Dokumen 2 dan 4 menjelaskan bahwa olahraga dapat menurunkan gula darah, tetapi harus dihindari saat kadar gula darah sangat rendah (hipoglikemia), yang bisa menyebabkan kehilangan kesadaran. Dokumen 7 menyarankan latihan beban ringan untuk meningkatkan sensitivitas insulin, sementara dokumen 8 dan 9 menawarkan buah rendah gula sebagai pilihan makanan untuk mengontrol gula darah. Selain itu, dokumen 6 menyebutkan bahwa bahan herbal seperti lidah buaya dapat membantu menurunkan gula darah, meskipun efeknya belum sepenuhnya terbukti.

**Pentingnya Pengawasan dan Perawatan**  
Penderita diabetes harus memantau kadar gula darah secara berkala dan menghindari konsumsi gula tambahan. Dokumen 4 menyatakan bahwa hipoglikemia berisiko tinggi pada penderita diabetes tipe 2 yang mengonsumsi insulin, sementara dokumen 9 menekankan pentingnya memperhitungkan kandungan gula dalam buah untuk penderita diabetes. Dokumen 5 juga menekankan pentingnya makan buah utuh untuk mengurangi risiko diabetes, meskipun kandungan gula harus diperhatikan.

**Kesimpulan**  
Penyakit diabetes memerlukan pengelolaan yang tepat, termasuk pengendalian gula darah, aktivitas fisik aman, dan pilihan makanan rendah gula. Pemantauan rutin, penghindaran hipoglikemia, serta penggunaan bahan herbal atau buah rendah gula dapat membantu mengurangi komplikasi kardiovaskular dan jantung. Kebiasaan sehat dan pengaturan diet menjadi kunci untuk meminimalkan risiko penyakit diabetes dan komplikasinya."
hipertensi,Hipertensi (Darah Tinggi),3,2.2165,79.85,355,222,0.1351,0.0204,0.0878,0.0889,0.2817,"**Ringkasan Multi-Dokumen:**  
Hipertensi (tekanan darah tinggi) bisa muncul tanpa gejala, terutama jika seseorang tidak merasakan keluhan apa pun. Dokumen pertama menyebutkan bahwa tekanan darah tinggi dapat muncul secara tiba-tiba, tetapi tidak selalu disadari. Gejala seperti napas pendek, lelah, atau efek jantung yang terganggu bisa muncul ketika tekanan darah sudah cukup tinggi.  

Dokumen kedua menjelaskan bahwa deteksi hipertensi hanya bisa dilakukan melalui pengukuran tekanan darah. Kriteria diagnosis mencakup hasil tes dalam dua hari berbeda menunjukkan tekanan sistolik ≥140 mmHg atau distolik ≥90 mmHg. Gejala hipertensi yang dikenal meliputi gejala-gejala yang bisa ditemukan, seperti gejala jantung atau paru. Jika gejala ini ditemukan bersama hasil tes tekanan darah tinggi, maka pengobatan diperlukan.  

Dokumen ketiga menambahkan bahwa hipertensi jika tidak diobati dapat menyebabkan komplikasi seperti penurunan aliran darah ke area panggul, disfungsi ereksi pada pria, dan vagina kering pada wanita. Komplikasi ini bisa terjadi jika deteksi dini tidak dilakukan. Dengan demikian, deteksi dini dan pengobatan tepat sangat penting untuk mencegah konsekuensi jangka panjang.  

**Poin Penting:**  
1. Hipertensi bisa muncul tanpa gejala, terutama jika tekanan darah tinggi tidak terdeteksi.  
2. Deteksi hipertensi dilakukan melalui pengukuran tekanan darah, dengan kriteria tekanan sistolik ≥140 mmHg atau distolik ≥90 mmHg.  
3. Jika tidak diobati, hipertensi dapat menyebabkan komplikasi seperti disfungsi ereksi, vagina kering, dan penurunan aliran darah.  
4. Deteksi dini dan pengobatan efektif adalah kunci untuk mencegah komplikasi jangka panjang."
hipertensi,Hipertensi (Darah Tinggi),5,2.3122,76.21,514,177,0.224,0.0242,0.12,0.1564,0.3944,"**Ringkasan Multi-Dokumen:**  

Hipertensi (tekanan darah tinggi) sering kali tidak menunjukkan gejala, terutama jika kondisi ini berlangsung lama. Dokumen menunjukkan bahwa seseorang bisa mengalami tekanan darah tinggi tanpa merasakan keluhan, seperti napas pendek atau lelah, hingga gejala ini tidak terkait dengan hipertensi. Diagnosis hipertensi dilakukan melalui tes darah, dengan kriteria tercatat tekanan darah sistolik ≥140 mmHg atau distolik ≥90 mmHg dalam dua hari berbeda. Gejala yang mungkin muncul termasuk kelelahan, pernapasan pendek, atau gangguan fungsi jantung-paru.  

Komplikasi hipertensi dapat berupa gangguan ereksi pada pria, vagina kering pada wanita, serta risiko penyakit jantung, kematian dini, dan aterosklerosis (kolesterol menumpuk di arteri). Dokumen menekankan pentingnya deteksi dini untuk mencegah komplikasi serius. Pada saat yang sama, hipertensi dapat mengganggu fungsi ginjal, menyebabkan penumpukan racun di organ vital, dan memperparah penyakit arteri perifer. 

Manajemen hipertensi melibatkan deteksi dini, pengaturan kebiasaan hidup (seperti olahraga, makanan sehat, dan kebiasaan merokok), serta penggunaan obat jika diperlukan. Statistik menunjukkan bahwa sekitar 21% orang yang mengalami hipertensi dapat mengendalikannya, namun sebagian besar dibiarkan berlangsung tanpa intervensi. Dengan pemeriksaan rutin dan kesadaran terhadap gejala, risiko komplikasi dapat diminimalkan."
hipertensi,Hipertensi (Darah Tinggi),10,2.2419,100.94,855,226,0.1993,0.0268,0.1063,0.1304,0.4225,"**Ringkasan Multi-Dokumen tentang Gejala dan Cara Menurunkan Tekanan Darah Tinggi (Hipertensi):**

Hipertensi, atau tekanan darah tinggi, sering kali tidak menunjukkan gejala hingga komplikasi berkembang. Menurut dokumen, seseorang bisa mengalami tekanan darah tinggi selama bertahun-tahun tanpa merasakan keluhan apa pun, seperti napas pendek, lelah, atau gejala lain. Deteksi dini melalui pemeriksaan tekanan darah adalah satu-satunya cara efektif untuk mengidentifikasi hipertensi, dengan kriteria diagnosis berdasarkan hasil tes dalam dua hari di atas 140 mmHg sistolik dan 90 mmHg distolik. Gejala yang mungkin muncul termasuk kelelahan, napas pendek, atau gejala khas seperti disfungsi ereksi pada pria atau vagina kering pada wanita.  

Komplikasi hipertensi bisa sangat serius, termasuk gangguan aliran darah ke paru dan jantung, penyakit jantung, angina, gagal jantung, serta penumpukan racun di ginjal akibat kerusakan arteri. Menurut data WHO, sekitar 21% dari populasi di usia 30-79 tahun mengelola hipertensi, yang merupakan penyebab kematian tertinggi di dunia. Pemeriksaan lanjutan seperti pemeriksaan menyeluruh diperlukan untuk menilai potensi kerusakan organ dan mendeteksi komplikasi. Hipertensi disebut ""silent killer"" karena tidak menunjukkan gejala awal, dan diperlukan kesadaran tinggi untuk menghindari konsekuensi jangka panjang.  

Penting untuk rutin mengukur tekanan darah, terutama jika ada faktor risiko seperti obesitas, merokok, diabetes, atau usia. Dengan deteksi dini, risiko komplikasi seperti penyakit jantung, gagal jantung, atau penyakit ginjal bisa diminimalkan. Kombinasi pemeriksaan rutin, kesadaran tentang gejala asimptomatik, dan pengaturan hidup sehat menjadi kunci untuk mengurangi tekanan darah tinggi."
asam_urat,Asam Urat (Gout),3,2.4583,53.82,355,122,0.3301,0.0686,0.1748,0.2698,0.425,"**Ringkasan Multi-Dokumen:**  
Gout adalah penyakit yang disebabkan oleh penumpukan asam urat dalam tubuh, yang dapat menyebabkan nyeri, pembengkakan, dan kemerahan pada sendi. Pada awalnya, asam urat mereda dalam 5-7 hari dengan pengobatan yang tepat, tetapi jika tidak diobati, serangan asam urat dapat kambuh dan berlangsung lebih lama. Obat allopurinol digunakan untuk memecah kristal asam urat dan mengurangi kelebihan asam urat dalam darah, yang biasanya memerlukan pengobatan jangka panjang sekitar 1-3 bulan. Selain obat medis, penderita dapat mencoba metode alami seperti mengompres area yang sakit, meningkatkan kelembapan tubuh, dan mengonsumsi buah-buahan yang berperan sebagai penurun asam urat. Penting untuk diingat bahwa tanpa perawatan yang tepat, risiko kekambuhan terus meningkat, sehingga konsultasi dengan dokter adalah langkah kunci untuk mengelola gejala dan mencegah serangan kambuh."
asam_urat,Asam Urat (Gout),5,2.471,70.52,524,135,0.3562,0.0922,0.1644,0.2806,0.4875,"**Ringkasan Multi-Dokumen:**  
Gout adalah penyakit kardiovaskular yang disebabkan oleh peningkatan kadar asam urat dalam darah (uric acid), yang dapat mengakibatkan serangan asam urat (gout flare-ups) dengan gejala nyeri dan pembengkakan sendi. Penderita asam urat bisa mengatasi gejala dengan sendirinya jika tidak diobati, tetapi kondisi ini biasanya berlangsung selama 1-2 minggu jika tidak ada perawatan. Obat allopurinol digunakan untuk memecah kristal asam urat dan mengurangi kelebihan asam urat, sementara metode alami seperti kompres dan konsumsi air putih bisa membantu. Namun, serangan asam urat yang tidak diobati berisiko kambuh dan membutuhkan pengobatan jangka panjang (1-3 bulan) untuk melarutkan kelebihan asam urat. Pencegahan juga penting, seperti menghindari makanan tinggi purin (seperti jeroan, ikan teri, kerang, dan daging merah). Penderita asam urat harus menjaga pola makan dan mengikuti rekomendasi medis untuk mengurangi risiko kambuhan dan memastikan kesehatan jangka panjang."
asam_urat,Asam Urat (Gout),10,2.3132,105.92,895,210,0.3098,0.0881,0.1886,0.212,0.575,"**Ringkasan Multi-Dokumen:**  
Gout adalah penyakit yang disebabkan oleh konsentrasi asam urat dalam darah yang tinggi, yang sering terjadi karena konsumsi makanan tinggi purin (seperti jeroan, ikan teri, dan daging merah) atau kurangnya pengobatan. Gejala utamanya adalah pembengkakan dan nyeri sendi yang bisa berlangsung sekitar 12-24 jam. Jika tidak diobati, serangan asam urat dapat kambuh dan memperparah kondisi, dengan gejala mereda dalam 1-2 minggu jika diperlakukan. Pengobatan umumnya melibatkan obat pereda nyeri (seperti ibuprofen) dan obat allopurinol yang memecah kristal asam urat. Untuk mencegah kekambuhan, penderita dianjurkan menjaga pola makan dengan menghindari makanan tinggi purin dan memperkuat pengobatan dalam jangka panjang.  

**Poin Penting:**  
1. **Penyebab Gout:** Kadar asam urat tinggi akibat konsumsi makanan tinggi purin atau kurangnya pengobatan.  
2. **Gejala dan Pengobatan:** Serangan asam urat dapat mereda dalam 5-7 hari dengan pengobatan sesuai, tetapi tidak bisa sembuh sendirinya. Pengobatan jangka panjang (1-3 bulan) diperlukan untuk melarutkan kelebihan asam urat.  
3. **Fruit yang Bantu:** Buah seperti pisang dan ceri memiliki kandungan senyawa anti-inflamasi (seperti asam malat pada apel) yang dapat menurunkan kadar asam urat. Pisang juga membantu meredakan pembengkakan sendi.  
4. **Pencegahan:** Menghindari makanan tinggi purin dan memperkuat pengobatan penting untuk mencegah kekambuhan.  

**Kesimpulan:** Gout memerlukan pengobatan terapi untuk mengurangi gejala dan mencegah kekambuhan, sementara buah-buahan tertentu berperan dalam mengurangi asam urat."
lemak_visceral,Lemak Visceral & Sindrom Metabolik,3,2.4425,61.44,375,150,0.3448,0.1304,0.2328,0.2632,0.5,"**Ringkasan Multi-Dokumen:**  
Lemak visceral, yang berada di bawah kulit dan membungkus organ seperti hati, pankreas, dan usus, menjadi salah satu faktor risiko serius, bahkan pada individu dengan berat badan normal. Meskipun tidak terlihat dari luar, kelebihan lemak visceral dapat memicu penyakit jantung koroner, sindrom metabolik, dan risiko kematian, terlepas dari indeks massa tubuh (BMI). Dokumen menunjukkan bahwa lemak visceral berperan dalam meningkatkan risiko penyakit jantung, serta terkait dengan ukuran pinggang dan lingkar perut. Menurut Mentri Kesehatan Budi Gunadi Sadikin, ukuran celana jeans (33-34) dianggap sebagai tanda obesitas, yang berpotensi meningkatkan risiko kematian. Solusi utama mencakup pengukuran lingkar pinggang untuk menilai kelebihan lemak visceral, serta perubahan gaya hidup seperti diet sehat, olahraga, dan pengurangan konsumsi lemak jenuh. Lemak visceral juga merupakan komponen utama sindrom metabolik, yang melibatkan tekanan darah tinggi, resistensi insulin, dan kadar trigliserida tinggi. Dengan memahami dan mengatasi lemak visceral, individu dapat mengurangi risiko penyakit jantung dan kesehatan umum."
lemak_visceral,Lemak Visceral & Sindrom Metabolik,5,2.4796,79.82,526,228,0.2968,0.1234,0.2194,0.2,0.575,"**Ringkasan Multi-Dokumen:**  
Lemak visceral, yang berada di bawah tulang rusuk dan membungkus organ seperti hati, pankreas, dan usus, dianggap berbahaya karena dapat memicu penyakit serius seperti penyakit jantung, stroke, diabetes, dan sindrom metabolik. Meskipun tidak terlihat dari luar, kelebihan lemak visceral sering diketahui melalui lingkar pinggang dan indeks massa tubuh (BMI). Penelitian menunjukkan bahwa lemak visceral meningkatkan risiko penyakit jantung bahkan pada individu dengan berat badan normal. Kondisi ini disebabkan oleh faktor seperti stres kronis, kurang tidur, dan pola makan tidak sehat. Metode pengukuran dilakukan dengan menarik napas secara normal dan menentukan titik ukur di antara tulang rusuk bawah dan tulang panggul. Solusi termasuk pola makan sehat (mengonsumsi serat, rendah gula, dan lemak trans), manajemen stres melalui meditasi, tidur cukup, dan hindari alkohol berlebihan. Budi Gunadi Sadikin menyatakan bahwa laki-laki dengan celana jeans ukuran 33 sudah pasti obesitas, mengingatkan pentingnya pengukuran lingkar pinggang sebagai indikator risiko.  

**Poin Penting:**  
1. Lemak visceral berada di bawah tulang rusuk dan membungkus organ penting, berpotensi memicu penyakit jantung, stroke, dan diabetes.  
2. Risiko lemak visceral meningkat meskipun BMI normal, terutama jika lingkar pinggang besar.  
3. Metode pengukuran melibatkan penarikan napas alami dan menentukan titik di antara tulang rusuk bawah dan tulang panggul.  
4. Solusi termasuk pola makan sehat, manajemen stres, tidur cukup, dan hindari alkohol berlebihan.  
5. Budi Gunadi Sadikin mengingatkan bahwa lingkar pinggang besar berarti obesitas, bahkan pada berat badan normal."
lemak_visceral,Lemak Visceral & Sindrom Metabolik,10,2.2498,111.5,938,205,0.3986,0.1761,0.3007,0.2767,0.7125,"**Ringkasan Multi-Dokumen tentang Bahaya Lemak Visceral dan Cara Mengatasinya**  

Lemak visceral, yang berada di bawah perut dan mengelilingi organ seperti hati, pankreas, dan usus, dianggap berbahaya karena dapat memicu penyakit serius seperti jantung koroner, stroke, diabetes, dan sindrom metabolik. Menurut penelitian, lemak visceral tidak terlihat dari luar, tetapi kelebihan lemak ini meningkatkan risiko penyakit jantung, even pada individu dengan indeks massa tubuh (BMI) normal. WHO menyarankan bahwa lingkar pinggang lebih dari 90 cm untuk pria dan 80 cm untuk wanita dianggap berisiko tinggi.  

Pengukuran lemak visceral dilakukan dengan mengukur lingkar pinggang di antara tulang rusuk bawah dan tulang panggul, sementara lemak subkutan dapat diabaikan karena lebih mudah diukur. Untuk mengurangi lemak visceral, diperlukan pendekatan holistik, termasuk aktivitas fisik teratur (seperti aerobik dan latihan kekuatan), pola makan sehat (tinggi serat, rendah gula, dan lemak trans), manajemen stres, serta tidur cukup. Namun, lemak visceral lebih aktif metabolik dan sulit dihilangkan karena tubuh lebih dulu menggunakan sumber energi seperti glikogen dalam otot dan hati sebelum beralih ke lemak perut.  

Solusi efektif melibatkan kombinasi diet, latihan intensif, dan strategi untuk meningkatkan pembakaran lemak, serta menghindari alkohol berlebihan. Dengan memahami proses penimbunan dan pembakaran lemak, individu dapat mengurangi lemak perut secara efektif, meningkatkan kualitas hidup, dan mengurangi risiko penyakit kronis."
